{"Armonk, New York": [41.1264847, -73.7139777], "Camden, New Jersey": [39.9448402, -75.1198911], "Mentor, Ohio": [41.6664781, -81.3399769], "Rolling Meadows, Illinois": [42.0841936, -88.0131275], "Teaneck, New Jersey": [40.8860164, -74.0072568], "Nashville, Tennessee": [36.1622767, -86.7742984], "Palm Beach Gardens, Florida": [26.8233946, -80.1386547], "Atlanta, Georgia": [33.7489924, -84.3902644], "Cincinnati, Ohio": [39.1014537, -84.5124602], "Bozeman, Montana": [45.6794293, -111.044047], "Guildford, United Kingdom": [51.2356068, -0.5732063], "Downers Grove, Illinois": [41.7936822, -88.0102281], "Newport Beach, California": [33.6170092, -117.9294401], "Livonia, Michigan": [42.36837, -83.3527097], "Reno, Nevada": [39.5261206, -119.8126581], "Hunt Valley, Maryland": [39.4922608, -76.6589528], "Warsaw, Indiana": [41.2381017, -85.8530544], "Purchase, New York": [41.0409305, -73.7145746], "Columbus, Georgia": [32.4610708, -84.9880449], "Philadelphia, Pennsylvania": [39.9527237, -75.1635262], "St. Petersburg, Florida": [27.7700475, -82.6359078], "Tempe, Arizona": [33.4255117, -111.940016], "White Plains, New York": [41.0339862, -73.7629097], "Rotterdam, Netherlands": [51.9244424, 4.47775], "Kansas City, Missouri": [39.100105, -94.5781416], "Seattle, Washington": [47.6038321, -122.330062], "North Chicago, Illinois": [42.327724, -87.8394189], "Lake Success, New York": [40.7706572, -73.7176312], "Acton, Massachusetts": [42.4850931, -71.43284], "Highlands Ranch, Colorado": [39.5497243, -104.969565], "Dearborn, Michigan": [42.3222599, -83.1763145], "Canonsburg, Pennsylvania": [40.2588431, -80.186732], "Rockville, Maryland": [39.0817985, -77.1516844], "Detroit, Michigan": [42.3315509, -83.0466403], "Paradise, Nevada": [36.0608658, -115.12510798422218], "Reston, Virginia": [38.953055899999995, -77.35021396591173], "Irvine, California": [33.6856969, -117.825981], "Monett, Missouri": [36.9289518, -93.9277149], "Kingsport, Tennessee": [36.550238, -82.5594293], "Newport News, Virginia": [37.0914429, -76.5213892], "Tampa, Florida": [27.9477595, -82.458444], "Melbourne, Florida": [28.106471, -80.6371513], "Burlington, Massachusetts": [42.5048167, -71.1956111], "Madison, Wisconsin": [43.074761, -89.3837613], "Roseland, New Jersey": [40.8206555, -74.2937595], "Allentown, Pennsylvania": [40.6022059, -75.4712794], "Eindhoven, Netherlands": [51.44855695, 5.450122521857143], "Bloomfield, Connecticut": [41.7907625, -72.7151492], "Bentonville, Arkansas": [36.3728538, -94.2088172], "Worsley, United Kingdom": [53.4999331, -2.3783778], "Ann Arbor, Michigan": [42.2813722, -83.7484616], "Tarrytown, New York": [41.0762077, -73.8587461], "Waukesha, Wisconsin": [43.0622536, -88.3123889], "Chicago, Illinois": [41.8755616, -87.6244212], "Fort Wayne, Indiana": [41.0799898, -85.1386015], "New York City, New York": [40.7127281, -74.0060152], "Santa Rosa, California": [38.4404925, -122.7141049], "Tysons Corner, Virginia": [38.9191272, -77.22296360086021], "Long Beach, California": [33.7690164, -118.191604], "Raleigh, North Carolina": [35.7803977, -78.6390989], "Miami, Florida": [25.7741728, -80.19362], "San Jose, California": [37.3361663, -121.890591], "New Britain, Connecticut": [41.692927749999996, -72.7654290341701], "Rochester, New York": [43.157285, -77.615214], "Brookfield, Wisconsin": [43.0578479, -88.1261984], "North Reading, Massachusetts": [42.5750939, -71.0786653], "San Mateo, California": [37.496904, -122.3330573], "Corning, New York": [42.1435257, -77.0543408], "Hartford, Connecticut": [41.7696382, -72.6817623], "Milpitas, California": [37.4332273, -121.8989248], "West Falls Church, Virginia": [38.8663089, -77.1948897], "Calhoun, Georgia": [31.5311784, -84.614328], "Mason, Ohio": [39.3600586, -84.309939], "Dublin, Ohio": [40.0996009, -83.1135563], "Redmond, Washington": [47.6694141, -122.1238767], "Orlando, Florida": [28.5421109, -81.3790304], "Washington, D.C.": [38.8950368, -77.0365427], "Greensboro, North Carolina": [36.0726355, -79.7919754], "Westlake, Texas": [32.991226, -97.1943701], "Pasadena, California": [34.1476507, -118.144155], "Los Gatos, California": [37.226611, -121.9746797], "Redwood City, California": [37.4863239, -122.232523], "Toledo, Ohio": [41.6529143, -83.5378173], "King of Prussia, Pennsylvania": [40.0908111, -75.3832484], "Arlington, Texas": [32.7355816, -97.1071186], "Salt Lake City, Utah": [40.7596198, -111.886797], "Newark, New Jersey": [40.735657, -74.1723667], "Minneapolis, Minnesota": [44.9772995, -93.2654692], "Eden Prairie, Minnesota": [44.8546856, -93.470786], "Midland, Michigan": [43.634525, -84.3840821], "Richmond, Virginia": [37.5385087, -77.43428], "Dublin, California": [37.7021521, -121.9357918], "Pawtucket, Rhode Island": [41.8789531, -71.3821203], "Parsippany, New Jersey": [40.8578772, -74.4259866], "Marlborough, Massachusetts": [42.3459271, -71.5522874], "Austin, Texas": [30.2711286, -97.7436995], "Skillman, New Jersey": [40.4201055, -74.7146049], "Boca Raton, Florida": [26.3586885, -80.0830984], "Lowell, Arkansas": [36.2553543, -94.1307587], "Phoenix, Arizona": [33.4484367, -112.074141], "Northbrook, Illinois": [42.128704, -87.8265089], "Secaucus, New Jersey": [40.7899291, -74.0566735], "Kirkland, Washington": [47.6765382, -122.2070775], "Mayfield Village, Ohio": [41.5595437, -81.4439274], "Goleta, California": [34.4358295, -119.8276389], "New Orleans, Louisiana": [29.9759983, -90.0782127], "Omaha, Nebraska": [41.2587459, -95.9383758], "Winona, Minnesota": [43.9582272, -91.7807784], "Issaquah, Washington": [47.5348778, -122.043297], "Waltham, Massachusetts": [42.3756401, -71.2358004], "Harrison, New York": [40.9689871, -73.71263], "Juno Beach, Florida": [26.8815475, -80.0539253], "Dulles, Virginia": [38.9646244, -77.4463445], "Glendale, California": [34.1469416, -118.2478471], "New Brunswick, New Jersey": [40.4862174, -74.4518173], "Bethesda, Maryland": [38.9846816, -77.0942447], "Melville, New York": [40.7934322, -73.4151214], "Las Vegas, Nevada": [36.1672559, -115.148516], "Cleveland, Ohio": [41.4996574, -81.6936772], "Brentwood, Tennessee": [36.0325687, -86.7825235], "Evendale, Ohio": [39.2561691, -84.417997], "Norwalk, Connecticut": [41.1175966, -73.4078968], "Greenwich, Connecticut": [41.0264862, -73.6284598], "Schaffhausen, Switzerland": [47.6960491, 8.634513], "Louisville, Kentucky": [38.2542376, -85.759407], "Mooresville, North Carolina": [35.5848596, -80.8100724], "Columbus, Ohio": [39.9622601, -83.0007065], "Sarasota, Florida": [27.3365805, -82.5308545], "Santa Clara, California": [37.2333253, -121.6846349], "Tulsa, Oklahoma": [36.1563122, -95.9927516], "Falls Church, Virginia": [38.882334, -77.1710914], "Boise, Idaho": [43.6166163, -116.200886], "Kenilworth, New Jersey": [40.6771374, -74.2870715], "Mountain View, California": [37.3893889, -122.0832101], "Fremont, California": [37.5482697, -121.988571], "Stamford, Connecticut": [41.0534302, -73.5387341], "Somerset, New Jersey": [40.5675084, -74.6189556], "Denver, Colorado": [39.7392364, -104.984862], "Farmington, Connecticut": [41.73344545, -72.79234525803653], "Glenview, Illinois": [38.5869939, -89.9373245], "San Francisco, California": [37.7792588, -122.4193286], "Charlotte, North Carolina": [35.2272086, -80.8430827], "Kalamazoo, Michigan": [42.291707, -85.5872286], "Thomasville, North Carolina": [35.8831786, -80.081817], "Golden Valley, Minnesota": [44.9861176, -93.3784618], "Houston, Texas": [29.7589382, -95.3676974], "Thousand Oaks, California": [34.1705609, -118.8375937], "London, United Kingdom": [51.4893335, -0.14405508452768728], "St. Louis, Missouri": [38.6280278, -90.1910154], "Springdale, Arkansas": [36.1867442, -94.1288142], "Vernon Hills, Illinois": [42.2204892, -87.9803604], "Providence, Rhode Island": [41.8239891, -71.4128343], "Fort Worth, Texas": [32.753177, -97.3327459], "Austin, Minnesota": [43.6679992, -92.9746498], "Milwaukee, Wisconsin": [43.0386475, -87.9090751], "Covington, Louisiana": [30.4753525, -90.1010474],